,title,year,genre,mix,bpm,artist
0,Lost In Love,2007,—,—,105,i15
1,Tootie Fruity,2009,—,Main,66,i15
2,Tootie Fruity,2009,—,Instrumental,66,i15
3,Break Bread,2004,Hip-Hop,—,80,I-20
4,Break Bread,2004,Hip-Hop,—,80,I-20
5,Break Bread,2004,Hip-Hop,—,80,I-20
6,Distracted,2000,—,—,100,i5
7,I Think I Love You,2018,House,Rubicube Remix,124,IAGO
8,Touchdown,2016,House,Robbie Rivera Mix,125,Iakopo ft. Shaggy
9,Our Friend Lazarus Sleeps,2007,Rock,—,208,I Am A Ghost
10,Goods,2012,—,—,120,Iamamiwhoami
11,Goods,2012,—,—,120,Iamamiwhoami
12,Goods,2012,—,—,120,Iamamiwhoami
13,Goods,2012,—,—,120,Iamamiwhoami
14,Goods,2012,—,—,120,Iamamiwhoami
15,Goods,2012,—,—,120,Iamamiwhoami
16,Hey Girl,2013,Alternative,—,90,IAMDYNAMITE
17,Hey Girl,2013,Rock,Lyric Video,90,IAMDYNAMITE
18,In The Summer,2015,Alternative,—,140,IAMDYNAMITE
19,Stereo,2013,Alternative,—,85,IAMDYNAMITE
20,Where Will We Go,2012,Alternative,—,96,IAMDYNAMITE
21,Brain Damage,2011,—,Album Version,125,I Am Empire
22,Gravity Bomb,2013,Other,Album,69,I Am Empire
23,Hammers & Anvils,2011,—,Album Version,110,I Am Empire
24,Saints & Sinners,2011,—,—,164,I Am Empire
25,The Wiggle Giggle,2013,Urban, Quick Edit,95,IaM ft. Q
26,The Wiggle Giggle,2013,Urban,—,95,IaM ft. Q
27,Talk To Me (I Can Hear You Now),2018,Pop,—,93,Iam Siam
28,Clocks Grow Old,2000,Progressive Rock,—,102,I Am Spoonbender
29,Clocks Grow Old,2000,Progressive Rock,—,102,I Am Spoonbender
30,Clocks Grow Old,2000,Progressive Rock,—,102,I Am Spoonbender
31,Clocks Grow Old,2000,Progressive Rock,—,102,I Am Spoonbender
32,Falling On Everlasting,2009,Christian,—,89,I Am Terrified
33,To The Service,2009,Christian,—,65,I Am Terrified
34,Brooklyn Dodgers,2011,—,—,160,I Am The Avalanche
35,Crown Him,2017,Other,—,73,I Am They
36,Crown Him,2017,Other,—,73,I Am They
37,JFK,2012,Urban,—,67,I Am Triggy
38,Make My Day,2013,—,—,128,I Am Vexed
39,Nightlife,2007,Pop,Single Mix,128,IAMX
40,Spit It Out,2007,—,(Alexander Kowalski Edit ISV Video Mix by The Undeniable/D.Gauss),132,IAMX
41,Spit It Out,2008,—,—,129,IAMX
42,The Unified Field,2013,—,—,131,IAMX
43,The Void,2016,Dance,—,111,IAMX
44,My Secret Friend,2013,Rock,—,112,IAMX ft. Imogen Heap
45,Love Like A Fountain,2000,—,—,101,Ian Brown
46,Keep What Ya Got,2005,Rock,—,88,Ian Brown ft. Noel Gallagher
47,Hoodrat Stuff,2011,—,—,128,Ian Carey
48,Shot Caller,2011,—,—,129,Ian Carey
49,Let Loose,2011,Dance,—,125,Ian Carey ft. Mandy Ventrice
50,Keep On Rising,2008,—,Radio Mix,128,Ian Carey ft. Michelle Shellers
51,Keep On Rising,2008,—,Radio Mix,128,Ian Carey ft. Michelle Shellers
52,Give Up The Funk,2005,—,Dub,127,Ian Carey pres. The Good Guys
53,Give Up The Funk,2005,—,Dub,127,Ian Carey pres. The Good Guys
54,Hit Me With Your Rhythm Stick,—,—,—,105,Ian Dury
55,"Sex, Dance, Rock & Roll",2013,—,—,138,Ian Erix
56,"Sex, Dance, Rock & Roll",2013,Dance,Radio Edit,138,Ian Erix
57,"Sex, Dance, Rock & Roll (Lose It)",2013,Dance,Dan's Kitchen Remix,128,Ian Erix
58,Magnify,2004,—,—,88,Ian Eskelin
59,Shepherd,2009,—,—,138,Ian Eskelin
60,Taboo,2004,—,—,121,Ian Eskelin
61,Magnify,2004,—,—,88,Ian Eskelin
62,Shepherd,2009,—,—,138,Ian Eskelin
63,Taboo,2004,—,—,121,Ian Eskelin
64,Almost Got Over You,2005,—,IK Remix,138,Ian Knowles ft. Marcella Woods
65,Honeydrip,2018,Pop,—,101,Ian McCulloch
66,Gone Girl,2019,Pop,—,95,iann dior ft. Trippie Redd
67,Gone Girl,2019,Pop,PO Intro Edit,95,iann dior ft. Trippie Redd
68,Gone Girl,2019,Pop,PO Quick Edit,95,iann dior ft. Trippie Redd
69,900 Degrees,2000,—,Lp Version,126,Ian Pooley
70,Balmes (a Better Life),2001,—,Ian Pooley's New Vocal Mix,128,Ian Pooley
71,Chord Memory,1997,Dance,Daft Punk Remix,128,Ian Pooley
72,A Better Life,2001,—,Never Coming Home Remix,124,Ian Pooley Feat. Esthero Balmes
73,Hiding,2018,Rock,—,140,IAN SWEET
74,Another Round,2014,Pop,—,70,Ian Thomas
75,Cheers,2015,Top 40,EXPLICIT,88,Ian Thomas ft. Tyga
76,Cheers,2015,Top 40,—,88,Ian Thomas ft. Tyga
77,Secret Love,2003,Trance,Wierzbicki Remix,142,Ian Van Dahl
78,Try,2002,Trance,Original Dee Dee Club Mix,148,Ian Van Dahl
79,Try,2002,Hard Trance,Alphazone Remix,140,Ian Van Dahl
80,Try,2002,Trance,Michael Woods Remix,140,Ian Van Dahl
81,Where Are You Now?,2004,Trance,Robert Gitelman (g&m Project) Remix,142,Ian Van Dahl
82,Where Are You Now?,2004,Dance,—,142,Ian Van Dahl
83,Where Are You Now?,2004,Progressive House,Red Carpet Vocal Mix,129,Ian Van Dahl
84,Where Are You Now?,2004,Trance,M.i.k.e. Vocal Mix,140,Ian Van Dahl
85,Where Are You Now?,2004,Trance,Peter Luts Remix,140,Ian Van Dahl
86,Where Are You Now?,2004,—,Robert Gitelmann (G&M Project) Remix,142,Ian Van Dahl
87,,,,,,
88,Where Are You Now?,2004,—,Extended Mix,142,Ian Van Dahl
89,Will I,2002,—,Dee Dee Remix,140,Ian Van Dahl
90,Will I,2002,Hard Trance,Voodoo & Serano Remix,140,Ian Van Dahl
91,Will I,2002,—,—,140,Ian Van Dahl
92,Will I?,2008,Dance,—,140,Ian Van Dahl
93,Castles In The Sky,2001,—,Peter Luts Remix,140,Ian Van Dahl Feat. Marsha
94,Castles In The Sky,2001,—,—,140,Ian Van Dahl Feat. Marsha
95,Castles In The Sky,2000,Progressive Trance,Absolom Remix,140,Ian Van Dahl Featuring Marsha
96,Castles In The Sky,2008,Rock,—,140,Ian Van Dahl ft. Marsha
97,Castles In The Sky,2004,Dance,Peter Luts Edit,140,Ian Van Dahl ft. Marsha
98,Guten Morgain,2000,—,Original Mix,129,Ian Wilkie
99,Twin Town,1999,—,Nick Warren Remix,135,Ian Wilkie Vs. Timo Maas
100,(Feels So) Good To Be Alive 2010,2009,—,Filthy Louca Mix,128,Ibiza Knights
101,Te Quiero Eivissa,2009,—,Original Mix,126,Ibiza Knights
102,Show Me Love 2007,2007,—,Original Mix Extended,125,Ibiza Music Limited
103,Kawaii,2020,—,Extended Mix,125,Ibranovski
104,Mi Eye,2020,—,Extended Mix,127,Ibranovski
105,Faith,2013,Dance,—,125,I Break Horses
106,Winter Beats,2012,—,—,80,I Break Horses
107,Center D Floor,2014,Dancehall,—,118,iCandy
108,What Are The Odds,2014,—,—,100,iCandy
109,Enola,2013,—,—,120,I Can Make A Mess
110,The Best Happiness Money Can Buy,2005,—,—,202,I Can Make A Mess Like Nobody's Business
111,Talento Para Amarte,2011,—,—,112,Icarus
112,Alive,2013,—,Original Mix,130,Icarus Fly
113,Burn The Sky,2012,—,Original Mix,128,Icarus Fly ft. Cassey Jaxx
114,Lock It Down,2004,Urban,—,109,Ice City ft. Freeway
115,Get Crunk,2011,Dancehall,—,120,Ice Cold
116,It Was A Good Day,2006,—,—,82,Ice Cube
117,Jackin' For Beats,2004,Urban,—,104,Ice Cube
118,Steady Mobbin',2013,Rock,(Explicit),98,Ice Cube
119,We Be Clubbin',2009,Rock,—,95,Ice Cube
120,What Can I Do? (remix),1994,Hip-Hop,—,96,Ice Cube
121,You Can Do It,2005,Urban,—,108,Ice Cube
122,You Know How We Do It,—,—,—,96,Ice Cube
123,It Was A Good Day,2006,—,—,82,Ice Cube
124,Jackin' For Beats,2004,Urban,—,104,Ice Cube
125,Steady Mobbin',2013,Rock,(Explicit),98,Ice Cube
126,We Be Clubbin',2009,Rock,—,95,Ice Cube
127,What Can I Do? (remix),1994,Hip-Hop,—,96,Ice Cube
128,You Can Do It,2005,Urban,—,108,Ice Cube
129,You Know How We Do It,—,—,—,96,Ice Cube
130,It Was A Good Day,2006,—,—,82,Ice Cube
131,Jackin' For Beats,2004,Urban,—,104,Ice Cube
132,Steady Mobbin',2013,Rock,(Explicit),98,Ice Cube
133,We Be Clubbin',2009,Rock,—,95,Ice Cube
134,What Can I Do? (remix),1994,Hip-Hop,—,96,Ice Cube
135,You Can Do It,2005,Urban,—,108,Ice Cube
136,You Know How We Do It,—,—,—,96,Ice Cube
137,We Be Clubbin',1998,Hip-Hop,—,98,Ice Cube Feat. DMX
138,Hello,2000,Hip-Hop,Clean Version,92,Ice Cube Feat. Dr. Dre
139,Hello,2000,Hip-Hop,Clean Version,92,Ice Cube Feat. Dr. Dre
140,Until We Rich,2000,Hip-Hop,—,90,Ice Cube Feat. Krayzie Bone
141,You Can Do It,1999,Hip-Hop,—,100,Ice Cube Feat. Mack 10
142,Pushin' Weight,1998,Hip-Hop,—,92,Ice Cube Feat. Mr. Short Khop
143,Pushin' Weight,1998,Hip-Hop,—,92,Ice Cube Feat. Mr. Short Khop
144,My Loved One,1998,Hip-Hop,—,95,Ice Cube Feat. Short Khop
145,Chrome & Paint,2006,Urban,EXPLICIT,89,Ice Cube ft. Dub C
146,Bop Gun (One Nation),2012,Rock,(Explicit),103,Ice Cube ft. George Clinton
147,Bop Gun (One Nation),2012,Rock,(Explicit),103,Ice Cube ft. George Clinton
148,Why Me?,2008,Urban,—,90,Ice Cube ft. Musiq Soulchild
149,Why Me?,2008,—,Explicit,90,Ice Cube ft. Musiq Soulchild
150,Go To Church,2006,—,PO Clean Edit,84,Ice Cube ft. Snoop Dogg
151,Ain't Got No Haters,2019,Hip-Hop,PO Clean Edit,96,Ice Cube ft. Too $hort
152,Ain't Got No Haters,2019,Hip-Hop,PO Quick Edit,96,Ice Cube ft. Too $hort
153,Ain't Got No Haters,2019,Hip-Hop,PO Intro Edit,96,Ice Cube ft. Too $hort
154,Dracula,2001,Metal,—,161,Iced Earth
155,Ten Thousand Strong,2007,Rock,—,146,Iced Earth
156,Great Southern Land,2016,Pop,—,61,Icehouse
157,Hey Little Girl,2008,—,—,135,Icehouse
158,No Promises,2008,—,—,115,Icehouse
159,Something In The Water,2019,Dance,—,120,Iceleak
160,Party Time,2011,Dancehall,—,105,Iceman
161,It's A Rainy Day,1995,—,New Extended Remix,135,Ice MC
162,Think About The Way,1995,—,Luv Dup Mix,133,Ice MC
163,A Grave Mistake,2019,Rock,Short Version,117,Ice Nine Kills
164,A Grave Mistake,2019,Rock,—,117,Ice Nine Kills
165,Colors,2016,Rock,—,93,Ice T
166,Colors,2016,Rock,—,93,Ice T
167,Midnight,1991,Hip-Hop,—,76,Ice-T Feat. Randy Mac
168,Balance,2019,Hip-Hop,Instrumental,84,Icewear Vezzo
169,Moon Walken,2016,Hip-Hop,Explicit,80,Icewear Vezzo
170,Balance,2019,Hip-Hop,PO Quick Edit,84,Icewear Vezzo ft. Big Sean
171,Balance,2019,Hip-Hop,PO Intro Edit,84,Icewear Vezzo ft. Big Sean
172,Balance,2019,Urban,—,85,Icewear Vezzo ft. Big Sean
173,Balance,2019,Hip-Hop,PO Clean Edit,84,Icewear Vezzo ft. Big Sean
174,Balance,2019,Urban,Explicit,85,Icewear Vezzo ft. Big Sean
175,2 Sides,2019,Hip-Hop,Explicit,77,Icewear Vezzo x Zaytoven
176,Stadt,—,—,—,100,Ich Und Ich
177,Whisper To A Scream (Birds Fly),2007,—,—,114,Icicle Works
178,Cycle,2012,—,—,101,Icky Blossoms
179,Voca Me,1999,—,Flim Flam Mix,136,I.C.O.N.
180,Girlfriend,2013,—,Muzzaik & Stadiumx Remix - Explicit,128,Icona Pop
181,Girlfriend,2013,Dance,EXPLICIT,128,Icona Pop
182,I Love It,2013,Dance, Clean Edit*,126,Icona Pop
183,I Love It,2012,Dance,(Explicit),126,Icona Pop
184,Just Another Night,2014,Pop,Single Mix,118,Icona Pop
185,Just Another Night,2014,Top 40,—,118,Icona Pop
186,Just Another Night,2014,Dance,Disco Fries Remix,128,Icona Pop
187,Next Mistake,2019,Dance,Lyric Video,128,Icona Pop
188,Next Mistake,2019,Dance,—,125,Icona Pop
189,Next Mistake,2020,House,David Penn Remix,124,Icona Pop
190,,,,,,
191,Next Mistake,2019,House,PO Quick Edit,125,Icona Pop
192,Next Mistake,2019,House,PO Intro Edit,125,Icona Pop
193,I Love It,2012,Dance,Ultimix Version,126,Icona Pop ft. Charli XCX
194,I Love It,2013,Dance, Quick Edit*,126,Icona Pop ft. Charli XCX
195,I Love It,2013,—,Ultimix Version (Explicit),126,Icona Pop ft. Charli XCX
196,I Love It,2013,Top 40, Clean Edit,126,Icona Pop ft. Charli XCX
197,I Love It,2013,Dance, Clean Edit*,126,Icona Pop ft. Charli XCX
198,I Love It,2013,Dance,Style Of Eye Remix,128,Icona Pop ft. Charli XCX
199,I Love It,2012,—,Wayne G + LFB Club Remix - Explicit,128,Icona Pop ft. Charli XCX
200,I Love It,2013,Top 40,—,126,Icona Pop ft. Charli XCX
201,I Love It,2013,Top 40, Quick Edit,126,Icona Pop ft. Charli XCX
202,Get Well,2011,—,—,83,Icon For Hire
203,Make A Move,2013,Rock,—,83,Icon For Hire
204,Off With Her Head,2013,Rock,—,93,Icon For Hire
205,Get Well,2011,—,—,83,Icon For Hire
206,Make A Move,2013,Rock,—,83,Icon For Hire
207,Off With Her Head,2013,Rock,—,93,Icon For Hire
208,Get Crunked Up,2001,—,—,118,Iconz
209,Homies,—,—,—,91,ICP
210,De Mi Vida La Razon,2004,—,—,81,ICS Internacional Carro Show
211,Legacy,2015,Urban,—,68,Icygold
212,Ride My Tempo,2009,—,Wideboys Club Mix,130,Ida Corr
213,Ride My Tempo,2008,—,Wideboys Radio Edit,130,Ida Corr
214,What Goes Around Comes Around,2011,—,Club Junkies Mix,128,Ida Corr
215,Let Me Think About It,2008,Dance,Ultimix Remix by Jim Thias*,129,Ida Corr vs Fedde Le Grand
216,Let Me Think About It,2008,—,Radio Edit,129,Ida Corr vs Fedde Le Grand
217,Let Me Think About It,2007,Dance,—,130,Ida Corr vs Fedde Le Grand
218,Let Me Think About It,2008,—,Original Mix,129,Ida Corr vs Fedde Le Grand
219,Let Me Think About It,2008,Dance,Ultimix Remix by Jim Thias*,129,Ida Corr vs Fedde Le Grand
220,Let Me Think About It,2008,—,Radio Edit,129,Ida Corr vs Fedde Le Grand
221,Let Me Think About It,2007,Dance,—,130,Ida Corr vs Fedde Le Grand
222,Let Me Think About It,2008,—,Original Mix,129,Ida Corr vs Fedde Le Grand
223,I Like You So Much Better When You're Naked,2009,—,Album,170,Ida Maria
224,I Like You So Much Better When You're Naked,2009,Rock,—,169,Ida Maria
225,Oh My God,2009,—,—,172,Ida Maria
226,Oh My God,2009,—,—,170,Ida Maria ft. Iggy Pop
227,Payola,2005,—,12 Mix,130,IDC
228,Stomp,2006,—,Original Mix,125,IDC
229,Get The Hell On (get Gone),2000,—,—,60,Ideal
230,Whatever,2000,—,—,102,Ideal Feat. Lil'Mo
231,Whatever,2000,—,—,102,Ideal Feat. Lil' Mo
232,This Girl,2006,—,Bobby Blanco Remix,127,Identity ft. Alison Limerick
233,Mirror,2019,Alternative,Clean Edit,82,IDER
234,Mirror,2019,Rock,Explicit,82,IDER
235,I Wanna Sex You Up,2018,—,Extended Mix - Explicit,110,ID ft. Dwight Steven
236,Defying Gravity,2007,—,Tracy Young's Flying Monkey's Club Mix,130,Idina Menzel
237,Gorgeous,2008,—,Scotty K Vocal Club,127,Idina Menzel
238,Gorgeous,2008,—,Lior Magal Vocal Dub,127,Idina Menzel
239,Let It Go,2014,—,Papercha$er Club Remix,128,Idina Menzel
240,Let It Go,2014,Dance, Dave Aude Quick Edit,130,Idina Menzel
241,Let It Go,2014,Top 40,From Disney's Frozen,68,Idina Menzel
242,Let It Go,2014,Dance,Dave Aude Club Radio Remix,130,Idina Menzel
243,Let It Go,2014,Pop,Single Edit,68,Idina Menzel
244,Let It Go,2014,Dance, Dave Aude Intro Edit,130,Idina Menzel
245,Let It Go,2014,Dance,From Disney's Frozen (Armin Van Buuren Remix),135,Idina Menzel
246,,,,,,
247,Let It Go,2014,—,Dave Aude Radio Remix,130,Idina Menzel
248,Minuet,1998,—,—,90,Idina Menzel
249,Defying Gravity,2007,—,Tracy Young's Flying Monkey's Club Mix,130,Idina Menzel
250,Gorgeous,2008,—,Scotty K Vocal Club,127,Idina Menzel
251,Gorgeous,2008,—,Lior Magal Vocal Dub,127,Idina Menzel
252,Let It Go,2014,—,Papercha$er Club Remix,128,Idina Menzel
253,Let It Go,2014,Dance, Dave Aude Quick Edit,130,Idina Menzel
254,Let It Go,2014,Top 40,From Disney's Frozen,68,Idina Menzel
255,Let It Go,2014,Dance,Dave Aude Club Radio Remix,130,Idina Menzel
256,Let It Go,2014,Pop,Single Edit,68,Idina Menzel
257,Let It Go,2014,Dance, Dave Aude Intro Edit,130,Idina Menzel
258,Let It Go,2014,Dance,From Disney's Frozen (Armin Van Buuren Remix),135,Idina Menzel
259,,,,,,
260,Let It Go,2014,—,Dave Aude Radio Remix,130,Idina Menzel
261,Minuet,1998,—,—,90,Idina Menzel
262,"Jet-powered, Monkey-navigated",2002,—,Album Version,102,Idiom Creak
263,Colossus,2018,Rock,—,137,IDLES
264,Laser Beams,2012,—,—,70,Idle Warship
265,Little Discourage,2001,—,—,129,Idlewild
266,No Emotion,2007,—,Cucumber Club Mix,127,Idlewild
267,Woke Up In Kingston,2018,Dance,Explicit,98,I Do
268,Lolly,2006,—,—,120,Idonia
269,Choke,2019,Rock,—,120,I Dont Know How But They Found Me
270,Do It All The Time,2019,Rock,—,110,I Dont Know How But They Found Me
271,Choke,2019,Rock,—,120,I Dont Know How But They Found Me
272,Do It All The Time,2019,Rock,—,110,I Dont Know How But They Found Me
273,Goldmine,2014,Country,—,98,I Draw Slow
274,Do You,2011,—,—,58,Iffy
275,Super Bad Girl,2002,—,Minty Vocal Mix,122,Iffy
276,"Heads Up, Hearts Down",2010,Rock,—,172,I Fight Dragons
277,Save World Get Girl,2012,Rock,—,140,I Fight Dragons
278,Work,2013,Urban,CLEAN,70,Iggy Azalea
279,Work,2013,Urban,—,70,Iggy Azalea
280,Work,2013,Urban,(Explicit),70,Iggy Azalea
281,Work,2013,—,Radio Edit,70,Iggy Azalea
282,Work,2013,Top 40,Instrumental,70,Iggy Azalea
283,Work,2014,Urban,Snapcast Edit*,70,Iggy Azalea
284,Work,2013,Urban,CLEAN,70,Iggy Azalea
285,Work,2013,Urban,—,70,Iggy Azalea
286,Work,2013,Urban,(Explicit),70,Iggy Azalea
287,Work,2013,—,Radio Edit,70,Iggy Azalea
288,Work,2013,Top 40,Instrumental,70,Iggy Azalea
289,Work,2014,Urban,Snapcast Edit*,70,Iggy Azalea
290,Work,2013,Urban,CLEAN,70,Iggy Azalea
291,Work,2013,Urban,—,70,Iggy Azalea
292,Work,2013,Urban,(Explicit),70,Iggy Azalea
293,Work,2013,—,Radio Edit,70,Iggy Azalea
294,Work,2013,Top 40,Instrumental,70,Iggy Azalea
295,Work,2014,Urban,Snapcast Edit*,70,Iggy Azalea
296,Black Widow,2014,Urban,EXPLICIT VERSION,82,Iggy Azalea f/Rita Ora
297,Switch,2017,Pop,Quick Edit,110,Iggy Azalea ft. Anitta
298,Switch,2017,Pop,Intro Edit,110,Iggy Azalea ft. Anitta
299,Switch,2017,Pop,Clean,110,Iggy Azalea ft. Anitta
300,Switch,2017,Pop,Clean Edit,110,Iggy Azalea ft. Anitta
301,Fancy,2014,Hip-Hop, Quick Edit,95,Iggy Azalea ft. Charli XCX
302,Fancy,2014,Dance,GTA Radio Edit,100,Iggy Azalea ft. Charli XCX
303,Fancy,2014,Urban, Quick Edit*,95,Iggy Azalea ft. Charli XCX
304,Fancy,2014,Urban,—,95,Iggy Azalea ft. Charli XCX
305,Fancy,2014,Hip-Hop,Instrumental,95,Iggy Azalea ft. Charli XCX
306,Fancy,2014,—,Dabin & Apashe Remix - Explicit,128,Iggy Azalea ft. Charli XCX
307,Trouble,2015,Pop, Quick Edit,106,Iggy Azalea ft. Jennifer Hudson
308,Trouble,2015,Pop,Clean,106,Iggy Azalea ft. Jennifer Hudson
309,Trouble,2015,Hip-Hop,Explicit,106,Iggy Azalea ft. Jennifer Hudson
310,Trouble,2015,Top 40,—,106,Iggy Azalea ft. Jennifer Hudson
311,Trouble,2015,Hip-Hop, Siren Intro Edit,106,Iggy Azalea ft. Jennifer Hudson
312,Trouble,2015,Hip-Hop, Siren Quick Edit,106,Iggy Azalea ft. Jennifer Hudson
313,Trouble,2015,Top 40, Quick Edit*,106,Iggy Azalea ft. Jennifer Hudson
314,Trouble,2015,Pop,No Siren - Clean,106,Iggy Azalea ft. Jennifer Hudson
315,F*ck It Up,2019,Urban,—,93,Iggy Azalea ft. Kash Doll
316,F It Up,2019,Hip-Hop,Dj Slique Intro Edit,93,Iggy Azalea ft. Kash Doll
317,F It Up,2019,Hip-Hop,Dj Slique Quick Edit,93,Iggy Azalea ft. Kash Doll
318,F It Up,2019,Hip-Hop,—,93,Iggy Azalea ft. Kash Doll
319,Fuck It Up,2019,Hip-Hop,Explicit,93,Iggy Azalea ft. Kash Doll
320,Fuck It Up,2019,Hip-Hop,Instrumental,93,Iggy Azalea ft. Kash Doll
321,Can't Lose,2017,Hip-Hop,Explicit,61,Iggy Azalea ft. Lil Uzi Vert
322,Beg For It,2014,Pop,—,93,Iggy Azalea ft. M
323,Beg For It,2014,Pop, Quick Edit,93,Iggy Azalea ft. M
324,Beg For It,2014,Pop,Instrumental,93,Iggy Azalea ft. MO
325,Beg For It,2015,Dance,Riddim Commission Remix - Explicit,120,Iggy Azalea ft. MO
326,Beg For It,2014,Pop,Intro - Explicit,93,Iggy Azalea ft. MO
327,Savior,2018,Top 40,FRNKROK Lyric Video Quick Edit,100,Iggy Azalea ft. Quavo
328,Savior,2018,Top 40,—,100,Iggy Azalea ft. Quavo
329,Savior,2018,—,FRNKROK Intro Edit,100,Iggy Azalea ft. Quavo
330,Savior,2018,Top 40,Lyric Video,100,Iggy Azalea ft. Quavo
331,Savior,2018,Top 40,FRNKROK Quick Edit,100,Iggy Azalea ft. Quavo
332,Savior,2018,—,FRNKROK Lyric Video Intro Edit,100,Iggy Azalea ft. Quavo
333,Black Widow,2014,Pop, Vice Quick Edit,92,Iggy Azalea ft. Rita Ora
334,Black Widow,2014,Pop, Vice Intro Edit,92,Iggy Azalea ft. Rita Ora
335,Black Widow,2014,Dance,Vice Extended Clean Remix,92,Iggy Azalea ft. Rita Ora
336,Black Widow,2014,Dance,Oliver Twizt Remix - Club Edit,128,Iggy Azalea ft. Rita Ora
337,Black Widow,2014,Pop, Quick Edit,82,Iggy Azalea ft. Rita Ora
338,Black Widow,2014,—,EXPLICIT VERSION,82,Iggy Azalea ft. Rita Ora
339,Black Widow,2014,Urban,CLEAN VERSION,82,Iggy Azalea ft. Rita Ora
340,Black Widow,2014,Pop,Explicit,82,Iggy Azalea ft. Rita Ora
341,Black Widow,2014,Top 40, Quick Edit*,82,Iggy Azalea ft. Rita Ora
342,Black Widow,2014,Dance,Oliver Twizt Remix Radio Edit,128,Iggy Azalea ft. Rita Ora
343,,,,,,
344,Black Widow,2014,Pop,—,82,Iggy Azalea ft. Rita Ora
345,Black Widow,2014,Pop,Vice Remix Radio Edit,92,Iggy Azalea ft. Rita Ora
346,Change Your Life,2014,—,Wideboys Remix - Explicit,128,Iggy Azalea ft. T.I.
347,Change Your Life,2013,Urban,—,132,Iggy Azalea ft. T.I.
348,Change Your Life,2013,Urban,EXPLICIT,132,Iggy Azalea ft. T.I.
349,Kream,2018,Urban,Explicit,87,Iggy Azalea ft. Tyga
350,Kream,2018,Hip-Hop,Extra Clean,87,Iggy Azalea ft. Tyga
351,Work,2013,Top 40,Radio Edit - Remix,70,Iggy Azalea ft. Wale
352,Candy,—,—,—,145,Iggy Pop
353,Gardenia,2016,Alternative, Quick Edit,97,Iggy Pop
354,Gardenia,2016,Alternative,—,97,Iggy Pop
355,Gardenia,2016,Alternative, Clean Edit,97,Iggy Pop
356,Lust For Life,2006,—,—,203,Iggy Pop
357,Real Wild Child,2007,—,—,146,Iggy Pop
358,Sunday,2016,Rock,—,112,Iggy Pop
359,The Passenger,2000,—,—,135,Iggy Pop
360,Motor Inn,2004,—,Felix Da Housecat's High Octane Mix,135,Iggy Pop ft. Peaches
361,Little Know It All,2004,Rock,—,148,Iggy Pop ft. Sum 41
362,Little Know It All,2004,Rock,—,148,Iggy Pop ft. Sum 41
363,Little Know It All,2004,Rock,—,148,Iggy Pop ft. Sum 41
364,Little Know It All,2004,Rock,—,148,Iggy Pop ft. Sum 41
365,Little Know It All,2004,Rock,—,148,Iggy Pop ft. Sum 41
366,Little Know It All,2004,Rock,—,148,Iggy Pop ft. Sum 41
367,Love Is War,2004,—,Chicken Lips Remix,128,Ignition
368,Take Me There,2009,—,StarLab Club Mix,126,Ignition
369,Cicadidae,2012,Breaks,—,240,Igorrr
370,Bommerang,2003,—,Igor S Mix,139,Igor S
371,Always Something (It's Always Better When I'm With You),2007,—,—,109,I Hate Kate
372,Bed Of Black Roses,2008,—,—,170,I Hate Kate
373,Hit The Quan,2015,Urban,Original Version - Clean,80,iHeartMemphis
374,Hit The Quan,2015,Urban, Quick Edit*,80,iHeartMemphis
375,Hit The Quan,2015,Hip-Hop,—,80,iHeartMemphis
376,Hit The Quan,2015,Hip-Hop, Quick Edit,80,iHeartMemphis
377,Hit The Quan,2015,Hip-Hop,Clean,80,iHeartMemphis
378,Summer,2012,—,—,128,I Heart Sharks
379,Da' Bump,1997,—,Hard Midnight Mix,130,II Da Flo
380,Arkhtinn,2016,Metal,—,178,"III, Part I"
381,Arkhtinn,2016,Metal,—,178,"III, Part I"
382,Gyal Yuh Bad,2013,Dancehall,—,96,I-Influence
383,At The End,2003,Tribal,Saeed & Palash Remix,127,IiO
384,At The End,2003,Tribal,Scumfrog Remix,132,IiO
385,At The End,2003,Tribal,Saeed & Palash Remix,127,IiO
386,At The End,2003,Tribal,Scumfrog Remix,132,IiO
387,At The End,2003,Tribal,Saeed & Palash Remix,127,IiO
388,At The End,2003,Tribal,Scumfrog Remix,132,IiO
389,At The End,2003,Tribal,Saeed & Palash Remix,127,IiO
390,At The End,2003,Tribal,Scumfrog Remix,132,IiO
391,They Know (Wan Mo),2015,Urban,—,98,Ikes ft. Maleek Berry
392,They Know (Wan Mo),2015,Urban,—,98,Ikes ft. Maleek Berry
393,Tambor,2017,—,Original Mix,104,Ikki
394,Let it Swing,2019,Rock,—,87,Ikkubaru
395,Let it Swing,2019,Rock,—,87,Ikkubaru
396,Super-Trippy,2014,Urban,—,73,I.K.P.
397,From Dusk Till Dawn,2009,—,Muttonheads Extended Mix,128,Ilan Tenenbaum
398,Don't Stop Me Now,2010,—,Extended Mix,127,Ilan Tenenbaum ft. Shena
399,Don't Stop Me Now,2010,—,Extended Mix,127,Ilan Tenenbaum ft. Shena
400,So High,2014,Top 40,—,130,Ilce ft. Blaze
401,Unbreak My Heart,2005,—,—,58,Il Divo
402,Te Quiero Con Bugalu,2017,—,(Explicit),70,iLe
403,Te Necesito,2007,—,—,50,Ilegales
404,Tu Recuerdo,2001,—,—,86,Ilegales
405,Una Vueltecita,2005,Latin Pop,—,59,Ilegales
406,Ya No Estoy Pa' Eso,2009,—,—,120,Ilegales
407,Te Necesito,2007,—,—,50,Ilegales
408,Tu Recuerdo,2001,—,—,86,Ilegales
409,Una Vueltecita,2005,Latin Pop,—,59,Ilegales
410,Ya No Estoy Pa' Eso,2009,—,—,120,Ilegales
411,Sueno Contigo (dreaming Of You),1997,—,Hex's Extended Fiesta Mix,128,Ilegales Feat. 2 In A Room
412,Pasarla Bien,2014,Merengue Mambo,—,130,Ilegales ft. El Potro Alvarez
413,Dame Un Chin,2004,—,—,165,Ilegales ft. Johnny Ventura
414,Dame Un Chin,2004,—,—,165,Ilegales ft. Johnny Ventura
415,La Otra,2006,—,—,115,Ilegales ft. Monchy Y Alexandra
416,No Me Digas Que No,2015,Dancehall,—,118,Ilegales ft. Shelow Shaq
417,My Allegiance,2015,Other,Radio Edit,76,ILIA
418,2 Nights Out,2015,Dance,Original Mix,125,Ilias Koutromanos
419,See,2006,—,Noir's Black Magik Minimal Workout,126,Ilija Rudman
420,See,2006,—,Noir's Black Magic Minimal Workout,126,Ilija Rudman
421,See,2010,—,Martin Brodin Remix,115,Ilija Rudman
422,Touch,2008,—,—,123,I Like It Electric
423,Do You Want To Or Not,2011,—,Jesse Novak Club Mix,125,I Like It Electric ft. Sophia Lolley
424,I'm Yours,2012,—,—,90,Ilismo ft. Percy Rankin
425,Chill With That,1995,—,—,90,Ill Al Skratch
426,I'll Take Her,1994,—,—,85,Ill Al Skratch
427,Come Around,2014,Dance, Quick Edit,128,Illectronic ft. Anny
428,Come Around,2014,Dance,—,128,Illectronic ft. Anny
429,Come Around,2014,Dance,Radio Edit,128,Illectronic ft. Anny
430,Take You Down,2018,Electronica,—,85,Illenium
431,Crawl Outta Love,2018,Dance,Explicit,85,Illenium ft. Annika Wells
432,Crashing,2019,Dance,—,96,Illenium ft. Bahari
433,Crashing,2019,Dance,Lyric Video,96,Illenium ft. Bahari
434,Good Things Fall Apart,2019,Dance,Tiesto's Big Room Remix - Radio Edit,130,Illenium ft. Jon Bellion
435,Good Things Fall Apart,2019,Electronica,Tiesto's Big Room Remix - Extended,130,Illenium ft. Jon Bellion
436,Good Things Fall Apart,2019,Dance,Lyric Video,72,Illenium ft. Jon Bellion
437,Good Things Fall Apart,2019,Dance,—,72,Illenium ft. Jon Bellion
438,Only Fair,2011,—,Unsub Remix,68,Ill-Esha
439,I See Tonight,2004,Urban,—,95,Ill Gates
440,Bowtie Jerks,2003,—,—,85,Ill Harmonics
441,Destiny,2002,—,—,97,Ill Harmonics
442,Take Two,2006,Christian,—,94,Ill Harmonics
443,Sometimes Love Takes So Long,2020,Alternative,—,115,Illiterate Light
444,Forgive Me Father,2013,Rock,—,78,Ill Nino
445,How Can I Live,2003,—,—,101,Ill Nino
446,What Comes Around,2001,—,—,113,Ill Nino
447,What You Deserve,2005,—,—,105,Ill Nino
448,Who Wanna Fight,2007,Urban,—,90,Ill Phil Carnage
449,Who Wanna Fight,2007,Urban,—,90,Ill Phil Carnage
450,Words In Stereo,2008,—,—,174,Illusion 33
451,Words In Stereo,2008,—,—,174,Illusion 33
452,Words In Stereo,2008,—,—,174,Illusion 33
453,come thru,2019,Dance,—,87,ilo ilo
454,Un Monde Parfait,2005,Dance,—,130,Ilona Mitrecey
455,Drunk On Saturday,2019,Urban,Lyric Video - Explicit,98,ILoveMakonnen
456,I Don't Sell Molly No More,2015,Hip-Hop, Clean Edit,73,I Love Makonnen
457,I Don't Sell Molly No More,2015,Hip-Hop,—,73,I Love Makonnen
458,Tuesday,2014,Urban, Clean Edit*,70,I Love Makonnen ft. Drake
459,Tuesday,2014,Urban,EXPLICIT,70,I Love Makonnen ft. Drake
460,Tuesday,2015,—,—,70,I Love Makonnen ft. Drake
461,Tuesday,2014,Hip-Hop, Clean Edit,70,I Love Makonnen ft. Drake
462,Lean & Dabb,2016,Hip-Hop,—,80,ILoveMemphis
463,Lean & Dabb,2016,Hip-Hop,—,80,ILoveMemphis
464,Angels,2005,—,Santos 'Another Planet' Mix,134,ILS
465,Muzik,2003,—,Gabriel & Dresden Club,133,ILS
466,We Are Love,2013,Top 40,—,70,Il Volo
467,Constantemente Mia,2013,—,—,85,Il Volo ft. Belinda
468,Constantemente Mia,2013,—,—,85,Il Volo ft. Belinda
469,The Stone,2006,—,Original Mix,138,Ilya
470,Found My Light,2012,—,Feliciano Classic Vocal,126,Imaani
471,Listen To Your Heart,2010,—,Original Mix,125,Imaani Brown
472,Temporary Resident,2012,—,—,136,Imaginary Cities
473,Just An Illusion,1982,Soul,Album,105,Imagination
474,Music And Lights,1982,Soul,"7""",100,Imagination
475,Mover Music,2008,Top 40,—,152,Imagination Movers
476,Whatever It Takes,2018,Top 40,PopRoXxX Quick Edit,68,Imagine Dragons
477,Whatever It Takes,2018,AlternRock,PO PopRoXxX Intro Edit,135,Imagine Dragons
478,Whatever It Takes,2018,AlternRock,—,135,Imagine Dragons
479,Whatever It Takes,2018,AlternRock,PO PopRoXxX Quick Edit,135,Imagine Dragons
480,Whatever It Takes,2018,Top 40,PopRoXxX Intro Edit,68,Imagine Dragons
481,Shots,2015,Dance,Broiler Remix,120,Imagine Dragons ft. Broiler
482,Shorty (you Keep Playin' With My Mind),1998,—,—,101,Imajin Feat. Keith Murray
483,Shorty (you Keep Playin' With My Mind),1998,—,Spensane Dub #1,125,Imajin Feat. Keith Murray
484,Disculpe Usted,2006,—,—,141,Iman
485,Enamorado De Ti,2000,—,—,81,Iman
486,Me Haz Robado El Corazon,2003,—,—,181,Iman
487,Se Nos Fue El Amor,2005,—,—,77,Iman
488,Si Me Hubieras Dicho,2004,Latin Pop,—,70,Iman
489,Te Amo,2006,—,—,70,Iman
490,Todo O Nada,2000,—,—,94,Iman
491,"Uno, Dos Y Tres",2002,—,—,69,Iman
492,Volverte A Ver,2004,—,—,81,Iman
493,Ya No,2004,—,—,63,Iman
494,,,,,,
495,Disculpe Usted,2006,—,—,141,Iman
496,Enamorado De Ti,2000,—,—,81,Iman
497,Me Haz Robado El Corazon,2003,—,—,181,Iman
498,Se Nos Fue El Amor,2005,—,—,77,Iman
499,Si Me Hubieras Dicho,2004,Latin Pop,—,70,Iman
500,Te Amo,2006,—,—,70,Iman
501,Todo O Nada,2000,—,—,94,Iman
502,"Uno, Dos Y Tres",2002,—,—,69,Iman
503,Volverte A Ver,2004,—,—,81,Iman
504,Ya No,2004,—,—,63,Iman
505,,,,,,
506,I'm A Tree,1998,—,—,114,Imani
507,Legend Of A Cowgirl,1997,—,"In The..., Jim, Mix",130,Imani Coppola
508,Legend Of A Cowgirl,2006,—,—,129,Imani Coppola
509,Lost Yo Mind,2019,Urban,—,92,Imani Scott
510,Aqui Sin Ti,2007,—,—,144,Imanol Landeta
511,Back Back,2017,Tech House,Original Mix,124,Imanol Molina
512,Don't Be So Shy,2017,—,Filatov & Karas Remix,120,Imany
513,Creeps Me Out,2007,Rock,—,99,Ima Robot
514,Dynomite,2003,—,—,202,Ima Robot
515,Creeps Me Out,2007,Rock,—,99,Ima Robot
516,Dynomite,2003,—,—,202,Ima Robot
517,Road Runner,2012,Rock,—,108,Imelda May
518,When It's My Time,2018,Rock,Live In London 2017,122,Imelda May
519,We're from Barcelona,2007,Rock,—,120,I'm from Barcelona
520,Constantly,1995,—,—,59,Immature
521,Feel The Funk,1995,—,—,68,Immature
522,Let Me Find Out,2014,R&B,Clean,82,Immature
523,Let Me Find Out,2015,Hip-Hop,—,82,Immature
524,Please Don't Go,1996,—,—,66,Immature
525,Watch Me Do My Thing,1996,—,—,94,Immature
526,We Got It,1995,—,—,88,Immature
527,This Is Goodbye,2018,Rock,Acoustic Version,75,Imminence
528,Tanzmusik,—,—,—,161,Imminent Starvation
529,Blashyrkh (mighty Ravendark),—,—,—,235,Immortal
530,Bin Laden Remix (bin Laden Pt. 2),2005,Hip-Hop,—,84,Immortal Technique
531,Industrial Revolution,—,—,—,83,Immortal Technique
532,Bin Laden Remix (bin Laden Pt. 2),2005,Hip-Hop,—,84,Immortal Technique
533,Industrial Revolution,—,—,—,83,Immortal Technique
534,Bin Laden,2005,Hip-Hop,—,86,Immortal Technique Ft. Mos Def
535,Come Here Boy,1998,—,—,66,Imogen Heap
536,Goodnight & Go,2006,—,—,110,Imogen Heap
537,Hide & Seek,2006,—,—,60,Imogen Heap
538,One More Astronaut,1996,—,—,96,I Mother Earth
539,El Trencito,2004,—,—,96,Impacto MC
540,Tainted Love,—,—,Underground Mix,122,Impedance
541,Ummm,2012,—, Clean Edit,92,Imperial
542,A Boy Or A Girl,1996,—,—,111,Imperial Drag
543,Runaway,2012,—,—,144,Imperial Teen
544,Dropping Acid,2006,Darkwave,—,120,Implant
545,Fading Away,2006,Darkwave,Zombie Girl Mix,135,Implant
546,Nothing Left To Kill,2010,Darkwave,—,140,Implant
547,Triste Cancion,2004,—,Radio Edit,154,Impostor De Durango
548,Amor En Capsula,2015,—,—,100,IM Tercero
549,Combinas,2014,Reggaeton,—,97,IM Tercero ft. Xenia
550,First Time,2001,—,—,69,IMX
551,Keep It On The Low,2000,—,—,70,IMX
552,Stay The Night,1999,—,—,92,IMX
553,Stay The Night,1999,—,Radio Edit Without Rap,92,IMX
554,Stay The Night,1999,—,Radio Edit,91,IMX
555,Clap Your Hands,2001,Hip-Hop,Radio Edit W/rap,101,IMX Feat. Mila J.
556,G.a.S. (Grind Ambition Success),2012,Urban,—,66,ImYaBoyBigD
557,G.a.S. (Grind Ambition Success),2012,Urban, Quick Edit,66,ImYaBoyBigD
558,Corazon De Hielo,2016,Reggaeton,—,93,In2mables
559,Corazon De Hielo,2016,Reggaeton,AIM Radio Version,93,In2mables
560,Stronger (Gotta Be),2008,—,Killjoy & Eg Vocal Mix,130,Inari
561,Gets Me High,2016,Top 40,—,100,INAS X
562,Love Is,2016,Dance,Toy Armada & DJ GRIND Club Mix (Andy Ajar Video Edit),128,INAS X
563,Love Is,2016,Dance,Riddler Radio Edit,125,INAS X
564,Love Is,2016,Dance, Riddler Intro Edit,125,INAS X
565,Love Is,2016,Electronica,Riddler Remix,125,INAS X
566,Love Is,2016,Dance, Riddler Quick Edit,125,INAS X
567,Stupid,2016,Top 40,—,100,INAS X ft. PnB Rock
568,Nasty Girl,2005,—,Peter Rauhofer Reconstruction,128,Inaya Day
569,U Spin Me,2007,—,Mike Cruz Club Mix,128,Inaya Day
570,Long Day,2012,—,StoneBridge House Mix,128,Inaya Day Allstars ft. Crystal Waters
571,Long Day,2012,—,StoneBridge House Mix,128,Inaya Day Allstars ft. Crystal Waters
572,Long Day,2012,—,StoneBridge House Mix,128,Inaya Day Allstars ft. Crystal Waters
573,Long Day,2012,—,StoneBridge House Mix,128,Inaya Day Allstars ft. Crystal Waters
574,Long Day,2012,—,StoneBridge House Mix,128,Inaya Day Allstars ft. Crystal Waters
575,Long Day,2012,—,StoneBridge House Mix,128,Inaya Day Allstars ft. Crystal Waters
576,Long Day,2012,—,StoneBridge House Mix,128,Inaya Day Allstars ft. Crystal Waters
577,Long Day,2012,—,StoneBridge House Mix,128,Inaya Day Allstars ft. Crystal Waters
578,Long Day,2012,—,StoneBridge House Mix,128,Inaya Day Allstars ft. Crystal Waters
579,Wanna Be,2013,—,Original Mix,127,Inaya Day vs Matt Joko
580,Wanna Be,2013,—,Original Mix,127,Inaya Day vs Matt Joko
581,Best Thing,2020,Hip-Hop,Clean Edit,93,Inayah
582,Best Thing,2020,Hip-Hop,Explicit,93,Inayah
583,Ginza,2016,—,Version Bailable,102,In Baloa Bless
584,Ginza,2016,—,Version Bailable,102,In Baloa Bless
585,Wuk Up,2013,—,—,130,Inches
586,Fresh,2009,—,Original Mix,128,Incognet
587,Always There,1991,House,Club Mix,115,Incognito Featuring Jocelyn Brown
588,Warning,2002,—,—,81,Incubus
589,Wish You Were Here,2007,Rock,—,85,Incubus
590,Still Not A Player,—,—,—,95,Incubus f/ Big Pun
591,Still Not A Player,—,—,—,95,Incubus f/ Big Pun
592,Sweet Harmony,1998,Eurohouse,Instinctive Mix,127,In.Deep
593,The Model,—,—,—,125,Index
594,Seduce Me Now,2003,—,Al B. Rich Extended Mix,128,India
595,Seduce Me Now,2003,—,Dj Fluid's Extended Mix,138,India
596,Si Te Hablan De Mi,2010,Salsa,—,84,India
597,Sola,2000,—,—,88,India
598,Sola,2000,—,Extended Salsa Mix,88,India
599,Solamente Una Noche,2006,Top 40,Rosabel Vocal Club Mix,128,India
600,Solamente Una Noche,2006,—,Salsa Version,88,India
601,Solamente Una Noche,2006,Latin Pop,Rosabel Spanish Vocal Club Mix,128,India
602,Soy Mujer,2003,—,—,92,India
603,Traicion,2003,—,—,90,India
604,,,,,,
605,Traicion,2003,—,Pop Version,75,India
606,Therapy,2009,—,Lenny B Radio Edit,124,India.Aire
607,Therapy,2009,—,Lenny B Radio Edit,124,India.Aire
608,Breathe,2017,Urban,—,95,India.Arie
609,Can I Walk With You,2003,—,—,120,India.Arie
610,Chocolate High,2009,—,—,83,India.Arie
611,Cocoa Butter,2013,Urban,—,90,India.Arie
612,He Heals Me,2009,—,—,85,India.Arie
613,Little Things,2002,—,—,93,India.Arie
614,Purify Me,2005,—,—,94,India.Arie
615,Steady Love,2019,R&B,—,77,India.Arie
616,That Magic,2019,Urban,—,92,India.Arie
617,The Truth,2003,—,—,96,India.Arie
618,,,,,,
619,Video,2002,—,—,85,India.Arie
620,I Am Not My Hair,2006,—,Konvict Remix,98,India.Arie ft. Akon
621,I Am Not My Hair,2006,Top 40,—,98,India.Arie ft. Akon
622,Therapy,2009,—,Lenny B Therapeutic Club Mix,124,India.Arie ft. Gramps Morgan
623,Therapy,2009,—,—,115,India.Arie ft. Gramps Morgan
624,Therapy,2009,Reggae,Reggae Remix Main,63,India.Arie ft. Gramps Morgan
625,Therapy,2009,—,Instrumental,115,India.Arie ft. Gramps Morgan
626,Soy Diferente,2006,—,—,97,India ft. Cheka
627,Me Voy A Acostumbrar,2016,—,—,103,India ft. Juan Gabriel
628,Me Voy Acostumbrar,2016,Salsa,Salsa Version,103,India ft. Juan Gabriel
629,No Me Conviene,2005,—,DJ Nelson Reggaeton Remix,90,India ft. Tito Nieves
630,Aguasanta,2018,Latin,—,100,India Martinez
631,Olvide Respirar,2015,—,—,72,India Martinez ft. David Bisbal
632,Only The Lonely,2015,Dance,Fehrplay Remix,127,Indiana
633,If I Could Go Back,2011,—,—,76,Indian Rodeo
634,Radio,2008,Country,—,63,Indian Rodeo
635,That's What Happens,2011,—,—,120,Indian Rodeo
636,Sunshine Of Your Love,1999,—,Spectre Mix,120,Indian Ropeman
637,Look Like Monayyy,2018,Urban,Clean Radio Edit,73,Indian Trap ft. KresZenzia
638,Look Like Monayyy,2018,Urban,—,73,Indian Trap ft. KresZenzia
639,Look Like Monayyy,2018,Urban,Clean Radio Edit,73,Indian Trap ft. KresZenzia
640,Look Like Monayyy,2018,Urban,—,73,Indian Trap ft. KresZenzia
641,Apollonia,1990,Dance,Vocal,120,Indie
642,Little Perennials,2006,Top 40,—,126,Indigo Girls
643,Shame On You,1997,—,—,80,Indigo Girls
644,Shed Your Skin,1998,—,Stephen Nikolas Club Mix,125,Indigo Girls
645,A1A,2017,Country,—,86,Indigo Summer
646,For Days,2018,Country,—,105,Indigo Summer
647,Something You Miss,2017,Country,—,75,Indigo Summer
648,Wants What It Wants,2018,Country,—,62,Indigo Summer
649,Wishful Drinking,2018,Country,—,88,Indigo Summer
650,Subsistence,—,—,—,121,Individual Totem
651,System Interrupted,—,—,—,144,Individual Totem
652,Vince,—,—,—,89,Individual Totem
653,Wavicels,—,—,—,101,Individual Totem
654,Crush It,2013,—,Original Mix,110,IndO
655,Crush It,2013,—,Original Mix,110,IndO
656,El Pato Y La Pata,2010,—,—,144,Indomable De Chihuahua
657,Boy From Ipanema,2015,Dance,Nemecio Martin's Brown Note Remix,124,INDSA
658,Ooooyessssir,2004,Experimental,Original Mix,126,Inducive
659,OoooYesssSir,2004,—,Original Mix,126,Inducive
660,Stay Cool,2005,—,Original Mix,126,Inducive
661,Bendita Mujer,2002,—,—,84,Industria Del Amor
662,Lagrimas De Amor,2007,—,—,71,Industria Del Amor
663,Quisiera,2002,—,—,76,Industria Del Amor
664,Rosas De Amor,2004,—,—,70,Industria Del Amor
665,Si Te Perdiera,2005,—,—,73,Industria Del Amor
666,Una Lagrima Al Suelo,2009,—,—,68,Industria Del Amor
667,Release Me,2006,Dance,—,124,Industry
668,State Of The Nation,2019,Pop,—,128,Industry
669,What You Want (what You Need),1998,—,Original Mix,124,Industry Standard
670,Tour De France,—,—,—,121,Inertia
671,Que Paso?,2005,Latin Pop,—,124,Ines Gaviria
672,Nuevo Amor,2002,—,—,94,Inesperado
673,Insanity,2011,Drum & Bass,—,143,INexus
674,Stronger,2007,—,Jody Den Broeder Club Mix*,128,Inez
675,Stronger,2007,—,Jody Den Broeder Radio Edit,128,Inez
676,Stronger,2007,Dance,—,128,Inez
677,Stronger,2007,Dance,Jody Den Broeder Club Edit*,128,Inez
678,Stronger,2007,—,Jody Den Broeder Club Mix,128,Inez
679,Can't Get Enough,2006,—,Jagz Kooner Dub,126,Infadels
680,Chorus,—,—,—,136,Infam
681,Intense,—,—,—,100,Infam
682,Love Is My Weapon,2010,Urban,—,70,Infamous
683,Who We Ride For,2004,Urban,—,90,Infamous Mobb
684,Nation of Wusses,2012,—,StereoHeroes Remix,130,Infected Mushroom
685,Nothing To Say,2012,Psychedelic Trance,—,145,Infected Mushroom
686,Smasing The Opponent,2009,—,—,145,Infected Mushroom
687,Killing Time,2010,—,Infected Trance Remix,145,Infected Mushroom ft. Perry Farrell
688,Killing Time,2010,—,Astrix Remix,131,Infected Mushroom ft. Perry Farrell
689,The Promethean Kings,2014,Death Metal,—,176,Inferi
690,Down,2016,Rock,—,76,INFERN
691,A To The B,2007,Dance,—,132,Infernal
692,Downtown Boys,2008,—,—,128,Infernal
693,Electric Light,2009,—,—,118,Infernal
694,From Paris To Berlin,2005,Dance,—,126,Infernal
695,From Paris To Berlin,2005,—,Extended Version,130,Infernal
696,I Won't Be Crying,2007,—,—,128,Infernal
697,Keen On Disco,2007,Dance,—,132,Infernal
698,Love Is All,2011,—,—,126,Infernal
699,Musaik,2003,—,Paul Hutsch Remix,136,Infernal
700,Muzaik,2002,—,—,136,Infernal
701,,,,,,
702,Muzaik,2003,—,Extended Mix,136,Infernal
703,Redefinition,2009,—,—,128,Infernal
704,Self Control,2007,—,—,124,Infernal
705,Ten Miles,2007,—,—,118,Infernal
706,Whenever You Need Me,2009,—,The Mac Project Club Mix,126,Infernal
707,Let Me Go,2008,—,—,140,Infinity
708,Infinity,2013,Dance,—,124,Infinity Ink
709,Shadow,2002,—,Original Mix,136,Infinity vs. Keith Mackenzie
710,Here Until Forever,2017,Rock,Lyric Video,70,In Flames
711,The Truth,2016,Rock,—,125,In Flames
712,Where The Dead Ships Dwell,2011,—,—,100,In Flames
713,What's On Your Mind (Pure Energy),2017,—,Intro Edit,118,Information Society
714,Whats On Your Mind (Pure Energy),2004,Top 40,—,59,Information Society
715,Where The I Divides,—,—,—,125,Information Society
716,Where Would I Be Without Ibm,—,—,—,125,Information Society
717,World Enough,2019,Alternative,Original Mix,120,Information Society
718,World Enough,2019,Alternative,—,120,Information Society
719,Better World,2004,Breaks,Adam Freeland Remix,128,Infusion
720,Natural,2005,—,—,128,Infusion
721,Le Tranquillisateur,2011,—,Original Mix,128,Ingi Bagir
722,U Know,2003,—,Original Mix,139,Ingo
723,C64,2007,—,Original Mix,126,Ingo Staar
724,Stuck In My Head,2007,—,Original Mix,126,Ingo Staar
725,Body Burn,2003,—,Ingo Mix,145,Ingo vs Ben Kaye
726,Tranceptor,2003,—,Original,144,Ingo vs Daz
727,Almost Perfect,2005,Top 40,—,106,Ingram Hill
728,Shock,2004,—,Original Mix,134,Ingrid
729,Shock,2004,—,—,134,Ingrid
730,You Promised Me (Tu Es Foutu),2004,Top 40,—,132,Ingrid
731,Vive Le Swing,2011,—,Rivaz Club Remix,125,In-Grid
732,More Hearts Than Mine,2019,Country,—,81,Ingrid Andress
733,The Stranger,2020,Country,—,80,Ingrid Andress
734,Afterlife,2015,Pop,—,98,Ingrid Michaelson
735,Afterlife,2015,Pop, Quick Edit,98,Ingrid Michaelson
736,Boys Chase Girls,2014,Pop,—,85,Ingrid Michaelson
737,Girls Chase Boys,2014,Pop,Radio Mix,85,Ingrid Michaelson
738,Girls Chase Boys,2014,Top 40,—,85,Ingrid Michaelson
739,Girls Chase Boys,2014,Pop,Andrew Dawson Pop Remix,87,Ingrid Michaelson
740,Hell No,2016,Top 40,—,88,Ingrid Michaelson
741,Missing You,2019,Pop,—,110,Ingrid Michaelson
742,The Way I Am,2007,—,—,121,Ingrid Michaelson
743,Young And In Love,2019,Pop,—,120,Ingrid Michaelson
744,,,,,,
745,Angels Sing,2004,—,—,92,Inhabited
746,Revolution,2005,—,—,149,Inhabited
747,A Call To The Faithful,2008,Christian,—,152,Inhale Exhale
748,Did You Ever Have A Touch To Lose?,2010,Christian,—,145,Inhale Exhale
749,It's Myself vs. Being A Man,2008,Christian,—,68,Inhale Exhale
750,Passage,2017,Rock,—,95,In Hearts Wake
751,Regeneration,2015,Rock,EXPLICIT,115,INHEAVEN
752,Regeneration,2015,Rock,—,115,INHEAVEN
753,Sweet Dreams Baby,2018,Rock,—,120,INHEAVEN
754,Spaceriders,1999,Trance,Christopher Von Deylen Remix,135,Inhouse
755,Here Comes The Hotstepper,2009,—,—,102,Ini Kamoze
756,World A Reggae,2005,—,—,78,Ini Kamoze
757,Seven Days Of Lonely,2007,—,—,88,I Nine
758,Bullet (what Did You Sell Your Soul For?),2002,—,—,73,Injected
759,Faithless,2002,—,—,91,Injected
760,Bullet (what Did You Sell Your Soul For?),2002,—,—,73,Injected
761,Faithless,2002,—,—,91,Injected
762,Accelerator,2000,Progressive Trance,—,130,Inkfish
763,Acting Out,2003,—,Tribe Mix,129,Inkfish
764,Show Me How,2010,—,Original Mix,128,Inkmash
765,Spellbound,—,—,—,148,Inkubus Sukkubus
766,Red For Days,2012,Rock,—,81,Inky Jack
767,Wait Now,2016,Rock,—,145,In Letter Form
768,Finna Smash,2017,Rock,—,130,In Loving Memory
769,Sun Is Up,2011,—,Mico Remix,128,Inna
770,Sun Is Up,2011,Dance,Play & Win Radio Edit,128,Inna
771,Wow,2012,Dance, Quick Edit*,128,Inna
772,Wow,2012,Dance, Quick Edit,128,Inna
773,Wow,2012,Dance,—,128,Inna
774,More Than Friends,2013,—,—,128,Inna ft. Daddy Yankee
775,Ruleta,2017,Dance,—,102,Inna ft. Erik
776,Club Rocker,2012,Dance, Play & Win Intro Edit*,128,Inna ft. Flo Rida
777,Club Rocker,2012,Dance, Play & Win Quick Edit*,128,Inna ft. Flo Rida
778,Cola Song,2014,Dance,—,125,Inna ft. J Balvin
779,Un Momento,2011,—,—,128,Inna ft. Juan Magan
780,Un Momento,2012,—, 7th Heaven Intro Edit*,128,Inna ft. Juan Magan
781,Good Time,2014,Dance,—,128,Inna ft. Pitbull
782,Another Man,2013,Reggae,—,78,Inna Sense
783,Gravity,2017,Rock,—,100,Inner Call
784,Kool Operator,2002,—,Kool D&b Mix,184,Innercircle
785,Bad Boys,1993,Reggae,—,90,Inner Circle
786,Bad Boys (Theme From Cops),2006,—,—,88,Inner Circle
787,Black Roses,1995,—,—,75,Inner Circle
788,Games People Play,1994,—,—,86,Inner Circle
789,Not About Romance,1998,—,—,97,Inner Circle
790,Not About Romance,1998,—,Dance Mix,123,Inner Circle
791,Rock With You,1993,—,—,82,Inner Circle
792,Sweat (A La La La La Long),2006,—,—,86,Inner Circle
793,Bad Boys,1993,Reggae,—,90,Inner Circle
794,Bad Boys (Theme From Cops),2006,—,—,88,Inner Circle
795,Black Roses,1995,—,—,75,Inner Circle
796,Games People Play,1994,—,—,86,Inner Circle
797,Not About Romance,1998,—,—,97,Inner Circle
798,Not About Romance,1998,—,Dance Mix,123,Inner Circle
799,Rock With You,1993,—,—,82,Inner Circle
800,Sweat (A La La La La Long),2006,—,—,86,Inner Circle
801,Candy Girl,2010,Reggae,—,121,Inner Circle ft. Flo Rida
802,Candy Girl,2010,Reggae,—,121,Inner Circle ft. Flo Rida
803,Candy Girl,2010,Reggae,—,121,Inner Circle ft. Flo Rida
804,Candy Girl,2010,Reggae,—,121,Inner Circle ft. Flo Rida
805,Black Santa Claus,2014,Reggae,—,90,Inner Circle ft. Mikey Spice
806,Black Santa Claus,2014,Reggae,—,90,Inner Circle ft. Mikey Spice
807,This Is Reggae Music,2012,Reggae,—,84,Inner Circle ft. Reggae Wave Bands 2012
808,This Is Reggae Music,2012,Reggae,—,84,Inner Circle ft. Reggae Wave Bands 2012
809,Ain't Nobody Better,2011,Rock,—,119,Inner City
810,Big Fun,2019,House,Inner City Edit Of House Of Virus Remix - Extended,124,Inner City
811,Big Fun,2016,Pop,—,120,Inner City
812,Do Ya,1994,—,Commisiion Mix,126,Inner City
813,Good Life,2004,Dance,—,121,Inner City
814,Good Life (buena Vida),1999,—,Tommy Onyx Summer Fiesta Mix,132,Inner City
815,Pennies From Heaven,1992,—,Kevin's Tunnel Mix,123,Inner City
816,Pennies From Heaven,2009,Rock,—,123,Inner City
817,Jetsetter,2006,—,Young Punx Dub Mix,130,Inner City Playboys
818,Comet Crashtest,2003,—,Original Mix,138,Innergy
819,Comet Crashtest,2003,—,—,138,Innergy
820,Ain't No Mountain High Enough,2013,—,WhiteNoize Remix,126,Inner Life
821,Find Somebody,2014,—,J Paul Getto Remix,127,Inner Life
822,You Can't See Me,1999,—,Flava Mix,95,Innerlude Feat. E-40
823,American Trash,2011,—,Adam Freeland Analog Mix,128,Innerpartysystem
824,American Trash,2010,—,—,128,Innerpartysystem
825,Don't Stop,2008,—,—,154,Innerpartysystem
826,Not Getting Any Better,2011,—,Sander Kleinenberg Main Club,128,Innerpartysystem
827,Not Getting Any Better,2011,—,Extended Version,128,Innerpartysystem
828,Not Getting Any Better,2011,Rock,—,128,Innerpartysystem
829,Not Getting Any Better,2011,—,Original Mix,128,Innerpartysystem
830,Dime Donde Dime Cuando,2000,—,Ten Productions Spanish Remix,135,Innis
831,Mambo Jumbo,1999,—,Radio Mix,93,Innocent Crew
832,Say No More,2000,—,—,116,Innosense
833,So Together,2000,—,—,89,Innosense
834,Fin De Semana,2001,—,—,128,Inocentes MC Feat. Fulanito
835,Vamo' A Bailar,2002,—,Dj Joe Remix,112,Inocentes MC Feat. Ranking Stone
836,Me La Pego Pero Con Otra Mujer,2000,—,—,165,Inocentes MC Feat. Sancocho
837,Hasta Que Te Conoci,2014,Bachata,—,62,Inoel
838,Love You Down,1997,—,—,134,INOJ
839,Ring My Bell,2007,—,—,125,INOJ
840,Time After Time,1998,—,—,132,INOJ
841,Time After Time,1998,—,Extended Lp Version,133,INOJ
842,Love You Down,1997,—,—,134,INOJ
843,Ring My Bell,2007,—,—,125,INOJ
844,Time After Time,1998,—,—,132,INOJ
845,Time After Time,1998,—,Extended Lp Version,133,INOJ
846,Time After Time,1998,—,Lil' Jon Remix,132,INOJ Feat. Thrill Da Playa
847,Crazy AF,2019,Pop,PO Clean Edit,86,In Real Life
848,Tattoo (How 'Bout You),2018,Pop,PO Quick Edit,109,In Real Life
849,Tattoo (How 'Bout You),2018,Pop,PO Intro Edit,109,In Real Life
850,Tattoo (How 'Bout You),2018,Top 40,—,109,In Real Life
851,Tonight Belongs To You,2018,Top 40,—,90,In Real Life
852,Chris Benoit,2012,Urban,(Explicit),106,Insane Clown Posse
853,Homies,2002,—,—,90,Insane Clown Posse
854,Let's Go All The Way,2000,—,—,100,Insane Clown Posse
855,It's Nothing,2012,—,—,125,Insect Guide
856,November Day,—,—,Mind Mix,135,Inside
857,Boots On The Run,1999,—,Original Mix,130,Insider
858,The Least That You Could Do,2003,—,—,88,Inside The Outside
859,Blasphemous Rumours,—,—,—,130,Inside Treatment
860,Backwash,—,—,—,129,Insight 23
861,Can You Rock It Like This,—,—,—,147,Insight 23
862,Disease,—,—,—,121,Insight 23
863,Dying In The Alley,—,—,—,121,Insight 23
864,Hurt Hate Lies,—,—,—,113,Insight 23
865,Thinner,—,—,—,103,Insight 23
866,Two More Reasons,—,—,—,121,Insight 23
867,Unforgiven,—,—,—,121,Insight 23
868,One For Sorrow,2012,Rock,—,110,Insomnium
869,While We Sleep,2014,Rock,—,113,Insomnium
870,Amargo Adios,2003,—,Version Tequila (con Mariachi),140,Inspector
871,Amargo Adios,2003,—,Album Version,70,Inspector
872,Como Te Extrano,2004,—,—,142,Inspector
873,El Dejado,2006,—,—,149,Inspector
874,Ska Voovee Boobie Baby,2004,Latin Pop,—,85,Inspector
875,This Is How It Feels,2014,Rock,U.S. Version,120,Inspiral Carpets
876,King Of Rock,—,—,—,111,Institue Of Technology
877,Bullet-Proof Skin,2005,Rock,—,90,Institute ft. Gavin Rossdale
878,Industrial Love,—,—,Counterfield Remix,98,In Strict Confidence
879,Industrial Love,—,—,Club Stress Remix,121,In Strict Confidence
880,Breakdown,2004,—,—,76,Instruction
881,I'm Dead (Miles Away),2005,Rock,—,134,Instruction
882,De Aqui A La Luna,2002,—,—,82,Intacto
883,Junkies,2004,—,Original Mix,130,Intastella
884,Insert Title Here Dubstep Vip,—,—,—,140,Intense
885,All I Do Is Think About You,2000,—,Classic Mix,124,Intense Feat. Charvoni
886,I Got My Happiness,1999,—,Dj Spen & Karizma Body & Soul Vocal,125,Intense Feat. Charvoni
887,Drifting Away,2010,—,Sub Sonic Vocal Mix,127,Intensity Of Sound
888,Luv Da Sunshine,2002,—,Original Mix,129,Intenso Project
889,Get It On,2005,Dance,Mark Jason Club Remix,130,Intenso Project ft. Lisa Scott-Lee
890,Get It On,2005,—,Original Club Mix,130,Intenso Project ft. Lisa Scott-Lee
891,Get It On,2005,—,Radio Edit,130,Intenso Project ft. Lisa Scott-Lee
892,Get It On,2005,—,Mark Jason Remix,130,Intenso Project ft. Lisa Scott-Lee
893,Get It On,2005,Dance,—,130,Intenso Project ft. Lisa Scott-Lee
894,Targeted,—,—,—,104,Intermix
895,Monkey Flute,2017,House,Ninetoes Extended Mix,124,International Baby
896,Monkey Flute,2017,House,Ninetoes Extended Mix,124,International Baby
897,Talifas,2010,—,Alex Celler Dub,126,Internullo
898,Try It On,2011,—,—,66,Interpol
899,I Found U,2005,—,—,133,Interstate
900,Remember Me,2007,—,Tyler Michaud & Shawn Mitiska Remix,130,Interstate ft. Cilleen Kelly
901,Union Square,2010,—,—,154,Intervurt
902,Angelchrome,—,—,—,128,In The Nursery
903,A New Medication,2007,—,Album Version,90,In Theory
904,Blue Sky Drugs,2019,Alternative,—,128,In The Valley Below
905,Desperate Dance,2018,Rock,—,118,In The Valley Below
906,Peaches,2014,Rock,—,104,In The Valley Below
907,Adrenalize,2013,—,—,66,In This Moment
908,Big Bad Wolf,2015,Rock,—,90,In This Moment
909,Big Bad Wolf,2015,Rock,EXPLICIT,90,In This Moment
910,Blood,2012,Rock,—,70,In This Moment
911,Sex Metal Barbie,2015,Rock,—,70,In This Moment
912,Sick Like Me,2014,Rock,—,132,In This Moment
913,Whore,2014,Rock,—,90,In This Moment
914,Black Wedding,2018,Rock,—,69,In This Moment ft. Rob Halford
915,Vuelvo A Creer En El Amor,2000,—,—,77,Intocable
916,No EQ,2016,Rock,—,78,Into It. Over It.
917,Died In Your Arms,1995,—,New Club Mix,127,Intonation
918,Died In Your Arms,1995,—,—,126,Intonation
919,Spit You Out,2017,Rock,Explicit,134,Into The Fire
920,Heavensent,2001,—,Collusion Remix,140,Intoxica
921,Discotheque,—,—,Suspiria Mix,127,Intra-Venus
922,Como Quisiera,2004,—,—,86,Intrepido
923,Dance With Me,1996,—,—,95,Intrigue
924,Feels Like The First Time,1996,—,—,68,Intro
925,Funny How Time Flies,1995,—,—,85,Intro
926,Bomba,2019,Techno,Original Mix,128,Introduce Anarchy
927,Time Travel,2003,—,Loes Lee Remix,131,Introspective
928,Happiness Is Such A Mess,2015,Dance,—,108,Introverted Dancefloor
929,Walking On Sunshine,2012,Dance,—,127,Inusa Dawuda ft. Magnetix Project
930,Casio,2016,Top 40,—,116,Invader Girl
931,Underdog,2017,Top 40,—,90,Invader Girl
932,Tu Que Fuiste,2011,—,—,115,Invensible De Durango
933,Day After Day,2009,—,—,182,Inward Eye
934,What You Need,2004,Top 40,—,116,INXS
935,What You Need,2004,Top 40,—,116,INXS
936,What You Need,2004,Top 40,—,116,INXS
937,Call Me Over,2014,Dancehall,—,90,I-Octane
938,Done Talk (Jealousy),2015,Dancehall,Edit,100,I-Octane
939,Lose A Friend,2010,Reggae,—,67,I-Octane
940,Nuff Nuff Gyal,2016,Dancehall,—,100,I-Octane
941,Ride & Wine,2015,Dancehall,—,100,I-Octane
942,Up Fi The Ride,2016,Dancehall,—,105,I-Octane
943,Call Me Over,2014,Dancehall,—,90,I-Octane
944,Done Talk (Jealousy),2015,Dancehall,Edit,100,I-Octane
945,Lose A Friend,2010,Reggae,—,67,I-Octane
946,Nuff Nuff Gyal,2016,Dancehall,—,100,I-Octane
947,Ride & Wine,2015,Dancehall,—,100,I-Octane
948,Up Fi The Ride,2016,Dancehall,—,105,I-Octane
949,Call Me Over,2014,Dancehall,—,90,I-Octane
950,Done Talk (Jealousy),2015,Dancehall,Edit,100,I-Octane
951,Lose A Friend,2010,Reggae,—,67,I-Octane
952,Nuff Nuff Gyal,2016,Dancehall,—,100,I-Octane
953,Ride & Wine,2015,Dancehall,—,100,I-Octane
954,Up Fi The Ride,2016,Dancehall,—,105,I-Octane
955,Call Me Over,2014,Dancehall,—,90,I-Octane
956,Done Talk (Jealousy),2015,Dancehall,Edit,100,I-Octane
957,Lose A Friend,2010,Reggae,—,67,I-Octane
958,Nuff Nuff Gyal,2016,Dancehall,—,100,I-Octane
959,Ride & Wine,2015,Dancehall,—,100,I-Octane
960,Up Fi The Ride,2016,Dancehall,—,105,I-Octane
961,Call Me Over,2014,Dancehall,—,90,I-Octane
962,Done Talk (Jealousy),2015,Dancehall,Edit,100,I-Octane
963,Lose A Friend,2010,Reggae,—,67,I-Octane
964,Nuff Nuff Gyal,2016,Dancehall,—,100,I-Octane
965,Ride & Wine,2015,Dancehall,—,100,I-Octane
966,Up Fi The Ride,2016,Dancehall,—,105,I-Octane
967,Drink & Celebrate,2018,Dancehall,PO Clean Edit,96,I-Octane ft. Beenie Man
968,When The Lillies Die,2013,—,—,176,Io Echo
969,Mutiny,2010,Rock,—,86,Ionia
970,Tour De France,—,—,—,155,Ionic Vision
971,Breaking Down,2019,Rock,—,127,I Prevail
972,Lifelines,2018,Rock,—,80,I Prevail
973,Paranoid,2019,Rock,—,76,I Prevail
974,Scars,2016,Rock,—,69,I Prevail
975,Stuck In Your Head,2017,Rock,—,155,I Prevail
976,Something About A Sunday,2012,Country,—,76,Ira Dean
977,867,2015,Alternative, Quick Edit,68,Iration
978,867,2015,Alternative,—,68,Iration
979,Back Around,2013,Alternative,—,62,Iration
980,Hit List,2018,Alternative,—,66,Iration
981,Reelin,2015,Alternative,—,74,Iration
982,Show Me,2014,Alternative,—,119,Iration
983,Gossip,2011,—,—,120,iremembertapes
984,Flashdance...What A Feeling,1983,—,—,125,Irene Cara
985,Sunrise,2010,—,Chew Fu Wasabi Radio Fix,128,Irene Nelson
986,Sunrise,2010,—,Fonzerelli Piano Club Mix,127,Irene Nelson
987,Sunrise,2009,Top 40,—,116,Irene Nelson
988,Ex-terminate,2002,—,Original Mix,143,Iridium
989,This Motherf**k,2003,—,Rmx 1,143,Iridium
990,Believe,2014,Dance,Kalendr & Jay Morales Radio Edit,126,Irina
991,Believe,2014,Dance,Casey Alva Radio Edit,128,Irina
992,Believe,2014,Dance,Kalendr & Jay Morales Remix,126,Irina
993,Something About You,2012,Dance,Bill Hamel Video Edit,128,Irina
994,Something About You,2012,Dance,Eddie Amador Radio Edit,128,Irina
995,Something About You,2012,—, Eddie Amador Intro Edit,128,Irina
996,Something About You,2012,—,Eddie Amador Remix,128,Irina
997,Something About You,2012,—, Eddie Amador Quick Edit,128,Irina
998,Something About You,2012,Dance,—,128,Irina
999,Something About You,2013,—, Eddie Amador Intro Edit*,128,Irina
1000,,,,,,
1001,One Last Kiss,2013,Dance,—,128,Irina ft. Dave Aude
1002,One Last Kiss,2013,Dance,Ivan Gomez & Nacho Chapado Club Remix,128,Irina ft. Dave Aude
1003,The Way I Live My Life,—,—,—,123,Iris
1004,Twilight,—,—,—,125,Iris
1005,Waves Crash In,—,—,—,101,Iris
1006,The Night I Learned How Not To Pray,2012,Country,—,60,Iris DeMent
1007,In My Heart,2013,—,Extended Mix,128,Iriz
1008,I Love This Track,2013,Dance,Original Mix,128,IROB
1009,God That Saves,2017,Other,—,64,Iron Bell ft. Stephen McWhirter
1010,Trooper,—,Rock,—,320,Iron Maiden
1011,Wasted Years,2010,Rock,—,154,Iron Maiden
1012,Where Eagles Dare,1983,Rock,—,150,Iron Maiden
1013,Wicker Man,—,Rock,—,400,Iron Maiden
1014,Get Close,2013,R&B,—,84,Iron Mike Norton
1015,Jake Jigga Juke,2019,Blues,—,97,Iron Mike Norton
1016,Mamie,2017,Blues,—,83,Iron Mike Norton
1017,Miss Brown,2019,Blues,—,100,Iron Mike Norton
1018,Red Light Blues,2012,Funk,—,100,Iron Mike Norton
1019,Rock & Roll Angel (Linda's Song),2018,Pop,—,130,Iron Mike Norton
1020,Strawberry Crush,2013,Funk,—,100,Iron Mike Norton
1021,The Lyin' King,2019,Blues,—,82,Iron Mike Norton
1022,The Omega Man,2007,Metal,—,191,Iron Savior
1023,Be Bold Like Elijah,2017,Rock,—,87,IRONTOM
1024,Be Bold Like Elijah,2017,Rock,—,87,IRONTOM
1025,Be Bold Like Elijah,2017,Rock,—,87,IRONTOM
1026,Be Bold Like Elijah,2017,Rock,—,87,IRONTOM
1027,Be Bold Like Elijah,2017,Rock,—,87,IRONTOM
1028,If You Believe,2000,—,"Ministers' Conceive, Believe & Achieve Mix)",127,Irving Project
1029,Moving Like Berney,2011,Urban,—,91,ISA
1030,Dark Lady,2007,—,—,127,Isaac Angel
1031,To The Ceiling,2007,—,—,98,Isaac Blackman
1032,In The Middle,2011,Gospel,—,120,Isaac Carree
1033,Lawdy,2018,Merengue Mambo,—,135,Isaac El Morenaje
1034,The Death Of You & I,2018,Rock,—,111,Isaac Gracie
1035,Shaft,2000,—,Razor N' Guido Shaft 2000 Mix,133,Isaac Hayes
1036,Baby Likes It,2004,Dance,—,126,Isaac James
1037,Bailando,2010,Merengue Mambo,Rafy Melendez Mix,160,Isaac Y J-Cruz
1038,Cumbia Francesa,2010,—,—,90,Isabela
1039,Hey,2006,—,—,97,Isabela
1040,Tengo Que Decirte,2010,—,—,65,Isabela
1041,PAPI,2019,Pop,Clean Edit,94,Isabela Merced
1042,PAPI,2019,Pop,PO Quick Edit,94,Isabela Merced
1043,PAPI,2019,Pop,Mixshow Edit,94,Isabela Merced
1044,El Moreno,2005,—,—,94,Isabel Pantoja
1045,Reflections,2014,Dance,Frankie Knuckles & Eric Kupper Radio Edit,120,Isabel Rose
1046,Reflections,2014,Dance,Frankie Knuckles & Eric Kupper Radio Mix,120,Isabel Rose
1047,Reflections,2014,Dance,Frankie Knuckles & Eric Kupper Vocal Mix,120,Isabel Rose
1048,No One Else,2016,Top 40,—,115,Isac Elliot
1049,Amor No Me Ignores,2010,—,—,83,Isaias Lucero
1050,Para Que Quieres Volver,2006,—,—,108,Isaias Lucero
1051,Yo Soy Aquel,2006,—,—,104,Isaias Lucero
1052,Homies,2002,Rock,—,90,Isane Clown Posse
1053,Don't You Know,2007,—,—,81,I Sasha
1054,3-D,2009,Rock,—,130,I See Stars
1055,What This Means To Me,2009,Rock,—,140,I See Stars
1056,Eclipse,2018,Progressive House,Original Mix,125,ISELS
1057,Things That Rhyme With Orange,2009,Rock,—,168,I Set My Friends On Fire
1058,I Shall Not Be Moved,2004,Gospel,—,91,I Shall Not Be Moved
1059,Oola La La,2015,Dancehall,—,95,Ishawna
1060,Ms Independent,2020,Dancehall,—,93,I-SHENKO
1061,Life Of The Party,2020,Dancehall,—,103,I-SHENKO ft. Lan Deezl
1062,Shake Your Dandelion,2010,—,Summer Dub Mix,125,Ishi
1063,Push It,2015,Top 40, Quick Edit*,87,iSHi ft. Pusha T
1064,Push It,2015,Hip-Hop, Clean Edit,88,iSHi ft. Pusha T
1065,Push It,2015,Urban, Clean Edit*,87,iSHi ft. Pusha T
1066,Push It,2015,Hip-Hop,—,88,iSHi ft. Pusha T
1067,Push It,2015,Hip-Hop, Quick Edit,88,iSHi ft. Pusha T
1068,Push It,2015,Hip-Hop,Explicit,88,iSHi ft. Pusha T
1069,There For Me,2016,R&B,—,119,iSHi ft. Shenie Fogo
1070,In Fiction,2005,Rock,—,62,Isis
1071,A Labio Dulce,2009,—,—,120,Iskander
1072,Better Day,2017,AlternRock,—,83,Islander
1073,New Wave,2015,AlternRock,—,70,Islander
1074,Hallways,2012,Rock,—,106,Islands
1075,Bag Of Tricks,2000,—,—,97,Isle Of Q
1076,What Would You Do?,2003,—,Pied Piper Remix,79,Isley Brothers Feat. Ronald Isley AKA Mr. Biggs
1077,What Would You Do?,2003,—,Album Version,63,Isley Brothers Feat. Ronald Isley AKA Mr. Biggs
1078,Eso Eres Tu,2005,—,—,126,Ismael Bueno ft. Alex Bueno
1079,Aferrado A Ti,2011,Salsa,—,160,Ismael Miranda
1080,Amigo,2008,Salsa,—,92,Ismael Miranda
1081,Como El Aguila,2008,Salsa,—,75,Ismael Miranda
1082,De Regreso Al Son,2009,Salsa,Radio Edit,113,Ismael Miranda
1083,Mi Trayectoria,2001,—,—,99,Ismael Miranda
1084,Para,2002,—,—,107,Ismael Miranda
1085,Son 45,2015,Salsa,—,100,Ismael Miranda
1086,Te Dije Que Yo Venia Y Vine,2010,Salsa,Radio Edit,113,Ismael Miranda
1087,Aferrado A Ti,2011,Salsa,—,160,Ismael Miranda
1088,Amigo,2008,Salsa,—,92,Ismael Miranda
1089,Como El Aguila,2008,Salsa,—,75,Ismael Miranda
1090,De Regreso Al Son,2009,Salsa,Radio Edit,113,Ismael Miranda
1091,Mi Trayectoria,2001,—,—,99,Ismael Miranda
1092,Para,2002,—,—,107,Ismael Miranda
1093,Son 45,2015,Salsa,—,100,Ismael Miranda
1094,Te Dije Que Yo Venia Y Vine,2010,Salsa,Radio Edit,113,Ismael Miranda
1095,Aferrado A Ti,2011,Salsa,—,160,Ismael Miranda
1096,Amigo,2008,Salsa,—,92,Ismael Miranda
1097,Como El Aguila,2008,Salsa,—,75,Ismael Miranda
1098,De Regreso Al Son,2009,Salsa,Radio Edit,113,Ismael Miranda
1099,Mi Trayectoria,2001,—,—,99,Ismael Miranda
1100,Para,2002,—,—,107,Ismael Miranda
1101,Son 45,2015,Salsa,—,100,Ismael Miranda
1102,Te Dije Que Yo Venia Y Vine,2010,Salsa,Radio Edit,113,Ismael Miranda
1103,Sucede Que A Veces,2005,Latin Pop,—,120,Ismael Serrano
1104,Kudur Baby,—,Hip-Hop,—,140,Ismail Yk
1105,Hey Sexy Lady,2011,Dance,Sultan & Ned Shepard Radio Edit,125,iSQUARE
1106,Hey Sexy Lady,2011,Top 40,—,125,iSQUARE
1107,Hey Sexy Lady,2011,—, Sultan & Ned Shepard Intro Edit,125,iSQUARE
1108,Hey Sexy Lady,2011,—,Sultan & Ned Shepard Club Remix,125,iSQUARE
1109,Hey Sexy Lady,2011,Dance,Skrillex Remix,72,i SQUARE
1110,Hey Sexy Lady,2011,Top 40,—,125,i SQUARE
1111,Nesesito Decirte,2007,Banda,—,93,Israel 'El Tilo' Nevares
1112,Just Wanna Say,2009,Christian,—,84,Israel Houghton
1113,My Tribute,2009,—,—,85,Israel Houghton
1114,Reckless Love,2018,Other,—,54,Israel Houghton
1115,With Us (Oh Emmanuel),2009,—,—,85,Israel Houghton
1116,Promise Keeper,2018,Other,—,74,Israel Houghton ft. Travis Greene
1117,Promise Keeper,2018,Other,—,74,Israel Houghton ft. Travis Greene
1118,Promise Keeper,2018,Other,—,74,Israel Houghton ft. Travis Greene
1119,No Vale La Pena,2008,Salsa,—,86,Issac Delgado
1120,"Se Fue, Adios",2009,Salsa,—,98,Issac Delgado
1121,Sone/La Campana,2007,Salsa,—,103,Issac Delgado ft. Fragancia
1122,La Mujer Que Mas Te Duele,2007,Salsa,—,95,Issac Delgado ft. Victor Manuelle
1123,La Mujer Que Te Duele,2007,—,—,95,Issac Delgado ft. Victor Manuelle
1124,Que No Se Te Olvide,2011,—,—,92,Issac Delgado Y La India
1125,Amor Por Dinero,2011,—,—,138,Issa Gadala
1126,Arrepentida,2011,Bachata,—,125,Issa Gadala
1127,Busco Enamorarme,2009,—,—,105,Issa Gadala
1128,Yo Me Enamoro,2013,Merengue Mambo,—,122,Issa Gadala ft. El Cata
1129,Blue Wall,2016,Rock,—,120,Issues
1130,Coma,2016,Rock,—,108,Issues
1131,Hero,2018,Rock,—,70,Issues
1132,Home Soon,2017,Rock,—,126,Issues
1133,Hooligans,2013,Rock,—,115,Issues
1134,Mad At Myself,2014,Rock,—,135,Issues
1135,Never Lose Your Flames,2014,Rock,CLEAN VERSION,95,Issues
1136,Never Lose Your Flames,2014,Rock,EXPLICIT VERSION,95,Issues
1137,Slow Me Down,2017,Rock,—,108,Issues
1138,Tapping Out,2019,Rock,—,98,Issues
1139,,,,,,
1140,Lose Him,2018,Pop,—,123,I Start Counting
1141,Day & Night,2002,—,—,95,Isyss Feat. Jadakiss
1142,Strip Down,2006,—,James Priestley & Dan Berkson's 'Barlz e Syntho' Mix,123,Italian X-Rays
1143,So Small,2009,—,—,71,ItaloBrothers
1144,So Small,2009,—,Extended Mix,142,ItaloBrothers
1145,El Alma Herida,2004,—,—,80,Itati Cantoral
1146,El Alma Herida,2004,—,—,80,Itati Cantoral
1147,Another Man,2014,Pop,—,74,Itch
1148,Homeless Romantic,2014,Rock,—,98,Itch ft. Adam Lazzara
1149,Black,2018,Rock,—,165,ITCHY
1150,Sacred Heart (Sacre Coeur),2007,—,—,75,It Dies Today
1151,Now + Again,2009,Rock,—,156,It Hugs Back
1152,Now + Again,2009,Rock,—,156,It Hugs Back
1153,The Right Time,1994,—,Extended Mix,128,I To I
1154,The Right Time,1994,—,—,126,I To I
1155,The Right Time,1994,—,Extended Mix,128,I To I
1156,The Right Time,1994,—,—,126,I To I
1157,Boulevard,2017,Hip-Hop,Clean Edit,72,itsamovie
1158,All I Can Say,2015,Top 40,—,85,Its Just Sage
1159,Heart,2014,Rock,—,95,It's War
1160,Children Of The Digital,2016,Top 40,—,78,It Takes A Village
1161,Fantasias,2010,—,Acordeon,122,Ivan
1162,Silueta De Cristal,2009,—,Pop Version,74,Ivan
1163,Silueta De Cristal,2010,Bachata,Bachata Version,134,Ivan
1164,Silueta De Cristal,2009,Banda,—,72,Ivan
1165,Nice Girl,2009,—,DJ Bam Bam Extended Remix,128,Ivan Brooks
1166,Archaic,2012,—,Patchen's Cowboys In Space Mix,126,Ivan Dbri
1167,Un Ano Mas Sin Ti,2003,—,—,100,Ivan Diaz
1168,Volver A Empezar,2003,—,—,108,Ivan Diaz
1169,Un Ano Mas Sin Ti,2003,—,—,100,Ivan Diaz
1170,Volver A Empezar,2003,—,—,108,Ivan Diaz
1171,Un Ano Mas Sin Ti,2003,—,—,100,Ivan Diaz
1172,Volver A Empezar,2003,—,—,108,Ivan Diaz
1173,I'm Leavin',2013,Dance,Main Mix,124,Ivan Iacobucci ft. Black Shampu
1174,Si Me Dejas Ahora,2008,—,—,73,Ivan 'La Voz'
1175,Ahora,2013,Bachata,—,135,Ivan 'La Voz' ft. Alexandra
1176,Melao De Cana,2020,Salsa,—,99,Ivan Montero
1177,I Need Love,2003,—,Cajuan's Metrobass Rmx,126,Ivano P
1178,UUU,2010,—,Original Mix,128,Ivan Project
1179,El Mangoneo,2015,—,Original Mix,126,Ivan Robles
1180,Groove Is The Heart,2015,Tech House,Proggy Mix,124,Ivan Robles
1181,Muevela,2014,Dance,Grand & Warren Remix,128,Ivan Robles
1182,El Mangoneo,2015,—,Original Mix,126,Ivan Robles
1183,Groove Is The Heart,2015,Tech House,Proggy Mix,124,Ivan Robles
1184,Muevela,2014,Dance,Grand & Warren Remix,128,Ivan Robles
1185,The Mirror,2003,—,Original Mix,130,Ivan Robles Feat. Idale
1186,DJ Attraction,2007,—,Ender & Red Remix,129,Ivan Robles ft. Aerene
1187,Can You Feel It,2013,—,Tech Mix,127,Ivan Robles ft. Jansy
1188,Sin Ti,2013,—,Original Mix,124,Ivan Robles ft. Karishma
1189,This Could Be The Night,2014,—,La Plage Mix,120,Ivan Robles ft. Miliano
1190,This Could Be The Night,2014,—,La Plage Mix,120,Ivan Robles ft. Miliano
1191,The Real Sound Of San Juan Theme,2006,Dance,DJ Vik Remix,129,Ivan Robles ft. Willie Bass
1192,The Real Sound Of San Juan Theme,2006,Dance,DJ Vik Remix,129,Ivan Robles ft. Willie Bass
1193,The Real Sound Of San Juan Theme,2006,Dance,DJ Vik Remix,129,Ivan Robles ft. Willie Bass
1194,Hear Me,2006,—,Original Mix,130,Ivan Robles pres. VIK
1195,Hear Me,2006,—,Original Mix,130,Ivan Robles pres. VIK
1196,Hear Me,2006,—,Original Mix,130,Ivan Robles pres. VIK
1197,Al Fin,2010,—,Club Mix,128,Ivdia
1198,drive//ride,2017,Rock,—,110,IVERSEN
1199,With You,2019,Urban,Explicit,90,IV JAY
1200,F.U.M.,2015,Urban,—,62,iVL
1201,Relax & Party,1997,—,—,97,Ivory
1202,Days End,2009,Christian,—,164,Ivoryline
1203,Hearts & Minds,2009,—,—,154,Ivoryline
1204,Instincts,2011,—,—,79,Ivoryline
1205,The Healing,2011,—,Album Version,170,Ivoryline
1206,You Can't Love What You Don't Understand,2006,—,—,138,IV Thieves
1207,From The Fool,1995,—,—,64,IV Xample
1208,The Best Thing,1997,—,—,132,Ivy
1209,One You Love,2017,Urban,—,97,Ivy Layne
1210,One You Love,2018,—,PO Intro Edit,97,Ivy Layne ft. Popcaan
1211,One You Love,2017,Urban,—,97,Ivy Layne ft. Popcaan
1212,One You Love,2017,Pop,Quick Edit,97,Ivy Layne ft. Popcaan
1213,One You Love,2017,Pop,Intro Edit,97,Ivy Layne ft. Popcaan
1214,Biscuit,2015,Dance,Dave Aude Remix,124,Ivy Levan
1215,Biscuit,2015,—,* *,111,Ivy Levan
1216,Biscuit,2015,Top 40,—,111,Ivy Levan
1217,When I Get Home,2019,Top 40,Explicit,68,Ivy Levan
1218,Biscuit,2015,Dance,Dave Aude Remix,124,Ivy Levan
1219,Biscuit,2015,—,* *,111,Ivy Levan
1220,Biscuit,2015,Top 40,—,111,Ivy Levan
1221,When I Get Home,2019,Top 40,Explicit,68,Ivy Levan
1222,Vendetta,2015,—,—,96,Ivy Queen
1223,Yo Quiero Bailar,—,—,—,96,Ivy Queen
1224,In The Zone,1999,—,Original Flow Mix,106,Ivy Queen Feat. Wyclef Jean
1225,In The Zone,1999,—,Brothers Radio Mix,93,Ivy Queen Feat. Wyclef Jean
1226,In The Zone,1999,—,—,105,Ivy Queen Feat. Wyclef Jean
1227,Amame O Matame,2017,Reggaeton,—,88,Ivy Queen ft. Don Omar
1228,Amame O Matame,2017,—,Lyric Video,88,Ivy Queen ft. Don Omar
1229,Dile/Dale Volumen/Matando,2005,Urban,—,97,Ivy Queen ft. Gran
1230,Naci Para Amarte,2015,—,—,82,Ivy Queen ft. Jowell Y Randy
1231,Vamos A Guerrear,2015,—,(Explicit),90,Ivy Queen ft. Nengo Flow
1232,Dime Si Recuerdas,2008,Bachata,—,120,Ivy Queen ft. Noriega/Luny Tunes
1233,Noche De Entierro,2012,Rock,En Vivo,97,Ivy Queen ft. Wisin Y Yandel
1234,It's War,2012,—,Original Mix,110,Ivytron
1235,My Internal Din,2012,—,—,122,I Was Totally Destroying It
1236,Book Of Life,2007,Reggae,—,90,I Wayne
1237,Book Of Life/I Need Her in My Arms,2007,Urban,—,90,I Wayne
1238,Can't Satisfy Her,2005,Urban,—,88,I Wayne
1239,Life Seeds,2006,—,—,88,I Wayne
1240,Dancefloor,2010,Urban,—,130,Iyadonna
1241,Be Myself,2011,—,Remix,125,Iyadonna ft. Fatman Scoop
1242,Replay,2009,—,—,91,Iyaz
1243,Replay,2010,—,Jason Nevins/Ultimix Remix by Mark Roberts*,140,Iyaz
1244,Replay,2009,Dance,Jason Nevins Radio Edit,140,Iyaz
1245,So Big,2010,Top 40,—,118,Iyaz
1246,Solo,2010,Dance,Cahill Radio Edit,128,Iyaz
1247,Solo,2010,Dance,Cahill Radio Edit*,128,Iyaz
1248,Solo,2010,—,—,130,Iyaz
1249,Solo,2010,—,Cahill Club Remix*,128,Iyaz
1250,Solo,2010,—,Cahill Mixshow,128,Iyaz
1251,Alive,2015,Pop,—,95,Iyaz ft. Nash Overstreet
1252,Pretty Girls,2011,Top 40,—,77,Iyaz ft. Travie McCoy
1253,Replay,2010,Urban,Remix,91,Iyaz ft. Trazz
1254,Glow,2015,Dance,—,78,IYES
1255,Glow,2015,Dance,—,78,IYES
1256,Hold On,2011,—,—,100,Iyke Onka
1257,Shampoo,2019,R&B,Clean Edit,96,iyla
1258,Shampoo,2019,R&B,Clean,96,iyla
1259,Shampoo,2019,R&B,PO Quick Edit,96,iyla
1260,Shampoo,2019,R&B,PO Intro Edit,96,iyla
1261,Look Around,2005,—,—,72,IZ
1262,Fanatica De Don,2019,Reggaeton,PO Clean Edit,97,iZaak
1263,Si Te Quedas,2018,—,—,70,iZaak
1264,Lunatic Minds,2006,—,Tom Sawyer Remix,128,Izak
1265,Lunatic Minds,2006,—,Tom Sawyer Remix,128,Izak
1266,Western Nights,2001,—,Original Mix,132,Izdatso
1267,Drama,2018,—,Original Mix - Explicit,85,IZII x Holly ft. Nic Tapper
1268,They Say Yeah,2017,Urban,Explicit,75,Izm White
1269,Battle Scars,2017,Urban,Explicit,60,Izm White ft. Agallah
1270,Nod Ya Head,2017,Urban,Explicit,87,Izm White ft. Prodigy
1271,Sign Of The Times,2017,Urban,Explicit,84,Izm White ft. Sheek Louch
1272,Good God,2017,Other,—,79,IZZE
1273,Make Much Of You,2015,—,—,85,Izzi Ray
1274,Make Much Of You,2015,—,—,85,Izzi Ray
